window_index,window_start_time,window_end_time,activity,source_file,AccelX_mean,AccelX_std,AccelX_min,AccelX_max,AccelY_mean,AccelY_std,AccelY_min,AccelY_max,AccelZ_mean,AccelZ_std,AccelZ_min,AccelZ_max,GyroX_mean,GyroX_std,GyroX_min,GyroX_max,GyroY_mean,GyroY_std,GyroY_min,GyroY_max,GyroZ_mean,GyroZ_std,GyroZ_min,GyroZ_max,accel_mag_mean,accel_mag_std,accel_mag_min,accel_mag_max,gyro_mag_mean,gyro_mag_std,gyro_mag_min,gyro_mag_max
0,0.0,2.98,cycling,cycling-gisela-01.csv,6.334610793333333,0.7155614225702902,4.242526,8.676587,5.337058666666667,0.6796299668983671,3.303998,7.192182,6.697124866666666,0.5317128425889255,5.568913,8.030152,-0.10855948000000003,0.12488310387076496,-0.340806,0.273124,-0.007949446666666663,0.22687445110505608,-0.59621,0.310429,-0.005203106666666682,0.2732895402748557,-0.49149,0.680012,10.69739101776422,0.5342654729536915,9.208150530140893,12.656572995521458,0.3583375360793437,0.15882259277572897,0.08018598562716556,0.7466650324348931
1,2.24,5.22,cycling,cycling-gisela-01.csv,6.597781433333334,0.3028031661868023,5.884948,7.503428,5.135179553333333,0.4148033663240859,4.094085,6.138733,6.6362482599999995,0.4123549161194262,5.999869,7.814674,-0.09902012,0.0906311107214971,-0.456717,0.034507,-0.008919400000000004,0.12327108731837054,-0.334011,0.233421,-0.026407333333333335,0.12585390030458157,-0.360923,0.253939,10.69062700300728,0.29131135396642377,9.947971158142598,11.618914424134855,0.2004479441426182,0.09824190666457537,0.018272495642358215,0.5566637426687676
2,4.48,7.46,cycling,cycling-gisela-01.csv,6.7546814600000005,0.32575102824479574,5.884948,7.613562,5.082443246666667,0.32051322935756094,4.429273,6.138733,6.45406552,0.31107935363637196,5.573701,7.283162,-0.08253316666666667,0.11331891700432113,-0.456717,0.211172,-0.010454219999999995,0.13818269668236902,-0.334011,0.3047,-0.02344428,0.12930242742718173,-0.360923,0.347734,10.644579405014326,0.3323474617138975,9.947971158142598,11.463021731761176,0.21324224033136369,0.10321408756086027,0.0387891663741308,0.5566637426687676
3,6.72,9.7,cycling,cycling-gisela-01.csv,6.815717633333334,0.3918052001169189,5.880159,7.924808,5.032452326666666,0.2902954497538096,4.448427,5.674258,6.464440426666667,0.2868368904305568,5.90889,7.211336,-0.08128078666666666,0.10966644463667007,-0.338807,0.156413,0.00033395333333333886,0.1013067813089421,-0.24781,0.273923,-0.02024494666666667,0.11366794753795148,-0.285115,0.213436,10.665887969023045,0.35702283452706973,9.898092258922373,11.48073170285801,0.18887249191038805,0.0809562399509373,0.04917230122741867,0.4349150255498193
4,8.96,11.94,cycling,cycling-gisela-01.csv,6.680110066666666,0.539917974658431,5.310339,7.963115,5.1549077866666675,0.3119548879037392,4.572925,6.186617,6.521262753333333,0.3446881133818211,5.822699,7.584831,-0.10285186666666665,0.08301521417344065,-0.338807,0.032908,-0.006545213333333332,0.12167173315160136,-0.24781,0.401825,-0.05430598,0.11405296483040793,-0.285115,0.211038,10.676555169836663,0.492564272169314,9.646390241416372,11.994874674384722,0.19687718014836128,0.09753705405623903,0.02029585989801861,0.4544094495694384
5,11.2,14.18,cycling,cycling-gisela-01.csv,6.616328546666667,0.6004589975799024,5.310339,8.255207,5.18169092,0.5726961374997451,3.524265,6.435614,6.530424573333334,0.5248005536362088,5.214571,7.70933,-0.08563660666666667,0.09963208688596238,-0.253139,0.177864,-0.019241286666666666,0.13456903714893392,-0.231556,0.401825,-0.022235419999999995,0.14882823563944533,-0.409819,0.326283,10.67113588471789,0.602474696985162,9.579827104288261,12.055722429923227,0.22465701575245745,0.08895345361333692,0.016386234497284602,0.4544094495694384
6,13.44,16.42,cycling,cycling-gisela-01.csv,6.86507012,0.42235092478747926,5.870583,8.255207,5.09227548,0.63402960052625,3.524265,6.411672,6.2749473,0.42730212952619756,5.214571,7.445967,-0.07937118666666665,0.11598716911235694,-0.283116,0.177864,-0.002465673333333334,0.11250259337499716,-0.197582,0.293375,-0.02441416666666667,0.15744937950416177,-0.409819,0.326283,10.627634842583424,0.5017564500034385,9.579827104288261,11.926625366111908,0.22690050425129518,0.07948736719404732,0.043778123098186836,0.4477661959494039
7,15.68,18.66,cycling,cycling-gisela-01.csv,6.778304273333333,0.5246996210370259,5.425261,8.106767,5.161611566666667,0.540824359337526,4.050989,6.382942,6.419588986666666,0.4415350768476722,5.592855,7.785944,-0.09009810666666666,0.08321058535548201,-0.227692,0.081937,0.01768244,0.11929866733536074,-0.23462,0.356127,-0.02638154666666667,0.11842989065921866,-0.328548,0.229424,10.68702826072905,0.5907168553568831,9.487277854114003,12.04365439250583,0.19634443070279586,0.0758749009260748,0.0372057023855215,0.379566537383105
8,17.92,20.9,cycling,cycling-gisela-01.csv,6.650134613333334,0.6035850172480735,5.027823,8.159439,4.987888260000001,0.5615275549892149,3.787627,6.315904,6.665521386666666,0.482399561126359,5.755661,7.900866,-0.07670385333333334,0.10441041115772487,-0.377178,0.163075,-0.0026593,0.15874644284038827,-0.337475,0.356127,-0.01657843999999999,0.1392030742076951,-0.34307,0.274856,10.678356072990839,0.6461764533498021,9.373239051877531,12.193848366650704,0.2323933692453138,0.08739669637801661,0.042037542363939404,0.4505004195525238
9,20.16,23.14,cycling,cycling-gisela-01.csv,6.86082438,0.4995309116002154,5.741296,8.169016,5.178402893333334,0.7393543804946506,3.979163,6.871359,6.254516779999999,0.5488312835191871,5.123591,7.412448,-0.08015988666666667,0.09975994230989621,-0.284982,0.179196,-0.007638579999999996,0.15647533482395962,-0.3913,0.338674,-0.0007336466666666682,0.17181162162543553,-0.416481,0.449922,10.668375401582292,0.5374997213682531,9.253004729644257,11.725486671620331,0.245995080959412,0.099632944047333,0.037073727247202974,0.5358315906999138
10,22.4,25.38,cycling,cycling-gisela-01.csv,7.238374020000001,0.5505406568563364,6.014235,8.90643,4.6647029600000005,0.6165667673979721,3.44765,6.684611,6.322160973333333,0.44438995454498365,5.434838,7.412448,-0.09074467333333336,0.08033772231560934,-0.284982,0.104187,-0.0041408200000000025,0.12693427815832203,-0.257003,0.279919,-0.0019140866666666678,0.17068490437446177,-0.481498,0.477234,10.710203086709944,0.5436114401146204,9.62793044352835,12.10221899088758,0.22567854727903466,0.09499682275840174,0.03507864930409949,0.5402109397466882
11,24.64,27.62,cycling,cycling-gisela-01.csv,7.351667666666668,0.565160286345973,6.296751,8.968679,4.71932272,0.5221354880056723,3.44765,6.042965,6.07329168,0.43469791577208067,5.300763,7.235278,-0.08911216,0.07399102312128411,-0.210239,0.075409,-0.004582240000000001,0.09144535042145337,-0.237951,0.241548,-0.0133871,0.13005431910945262,-0.481498,0.271792,10.662259392441289,0.5487392735618737,9.62793044352835,12.10221899088758,0.17911655893171854,0.08251967208740918,0.01772197672383078,0.5377109650035045
12,26.88,29.86,cycling,cycling-gisela-01.csv,7.490435573333334,0.5772850538660584,6.378153,9.050082,4.66524566,0.43513357950469767,3.811569,5.78918,5.9834292866666665,0.3579494865360444,5.099649,6.828263,-0.08957048000000001,0.08608080246982831,-0.250475,0.100057,-0.0173147,0.08496487487424828,-0.267262,0.20904,-0.011146166666666669,0.11776804967819395,-0.318423,0.211838,10.677153568186847,0.5671745380768707,9.491049971181956,12.097305723013285,0.17911138065050045,0.06974430527007118,0.01772197672383078,0.3577629224626275
13,29.12,32.1,cycling,cycling-gisela-01.csv,7.737868313333333,0.5753216734852615,6.694188,9.050082,4.60500758,0.4350227727646798,3.86903,5.78918,5.739635713333332,0.3974059855807968,5.070919,6.737284,-0.08342588,0.08969190946359432,-0.250475,0.085934,0.004556493333333333,0.1066983101274334,-0.307498,0.20904,-0.011858486666666668,0.0987609735671425,-0.318423,0.189855,10.693010614403759,0.6015100386084301,9.655290207237325,12.097305723013285,0.17473456113164468,0.07597363914300487,0.02662662438237337,0.3712555465349979
14,31.36,34.34,cycling,cycling-gisela-01.csv,7.577488726666667,0.661812976101556,6.095637,8.978256,4.58413006,0.3932491963976571,3.5099,5.808333,5.877509786666666,0.39417322927329956,5.075707,6.92882,-0.08393483333333333,0.09618192341103164,-0.276855,0.151084,0.012540606666666666,0.11961550257029935,-0.33441,0.253806,-0.022318013333333334,0.10307991749220516,-0.264597,0.219565,10.644528341566353,0.6478698697953851,8.9953935196949,11.980472802349706,0.1891262587035985,0.0782047011795297,0.03836015727287885,0.40606041425999656
15,33.6,36.58,cycling,cycling-gisela-01.csv,7.575701053333332,0.6139968856487442,6.095637,8.959103,4.648135086666667,0.5735298609618734,3.414132,6.330269,5.840798773333334,0.44655582800225024,5.085284,7.000646,-0.07371152,0.09885669326567086,-0.250608,0.174133,0.006751273333333332,0.10383883511788171,-0.237418,0.28738,-0.02176286,0.11496177291076834,-0.252073,0.218233,10.661479690240306,0.5912090519158463,8.9953935196949,11.980472802349706,0.1891628746507483,0.06278021594758403,0.03487133934909871,0.34965825176592075
16,35.84,38.82,cycling,cycling-gisela-01.csv,6.405032173333334,1.2259015960572897,3.945644,8.628703,5.246047086666666,0.7132709361741949,3.77805,6.943185,6.6012929,0.908749955472694,4.788404,8.355764,-0.07904428666666666,0.12342304158653342,-0.520668,0.151884,0.05890419333333333,0.2116584039945086,-0.264597,0.951937,-0.06889123333333333,0.1978796261301103,-0.802851,0.350265,10.701421008354625,0.6629631691684691,9.390455139861647,12.027330957290317,0.2648482740388903,0.20858564339155167,0.04170006290163122,1.3077421300111118
17,38.08,41.06,cycling,cycling-gisela-01.csv,6.558580353333333,1.0752100558328384,4.074931,8.494628,5.230819926666666,0.6750858214194607,4.060566,6.943185,6.49189386,0.7494675473749172,5.161899,8.355764,-0.058778053333333344,0.08864775177835676,-0.25727,0.151884,-0.06573983333333333,0.09763919159841616,-0.266995,0.151351,0.06992863333333332,0.13482664093936414,-0.200247,0.3909,10.690760455162513,0.6342706608349514,9.444344837806591,12.054648980762359,0.201245326803699,0.08796008286849435,0.05128271148252596,0.44580469906114717
18,40.32,43.3,cycling,cycling-gisela-01.csv,7.569412293333334,0.5902980315703082,5.861006,9.23683,4.557059660000001,0.7246604443867747,3.136404,6.325481,5.912337460000001,0.572229554082516,4.927267,7.206547,-0.08177196666666665,0.07458421957683513,-0.210106,0.110449,-0.010665613333333334,0.11305352377641233,-0.223029,0.297239,0.004588473333333334,0.17205978503104463,-0.33481,0.426873,10.671136502323215,0.5885629866628427,9.58602029347346,12.161861183644755,0.22039938022754016,0.07870229854480858,0.06675094760376064,0.436348839605424
19,42.56,45.54,cycling,cycling-gisela-01.csv,7.612795246666666,0.5635902920221265,6.349423,8.901642,4.625884986666667,0.6560316065310166,3.136404,6.426037,5.756299346666666,0.5159578732177784,4.927267,7.393295,-0.08078968,0.09194870706601008,-0.277787,0.118709,-0.001745333333333334,0.12228265033659608,-0.323086,0.276188,-0.023116479999999995,0.15111062947574624,-0.271925,0.337075,10.63583505963266,0.6178042920109712,9.604896927867472,12.205508709859085,0.21606581101820785,0.08137560558663,0.02421968127370796,0.37165233601983455
20,44.8,47.78,cycling,cycling-gisela-01.csv,7.625755833333333,0.6247555322477362,6.540959,9.543288,4.574361746666667,0.5855611159680053,3.529053,6.186617,5.85640894,0.46063146223686213,4.865018,7.153875,-0.08102774666666666,0.12646287491287375,-0.34307,0.246211,0.003023426666666668,0.10304152764203674,-0.249542,0.238351,0.012851486666666665,0.13582700447813445,-0.322819,0.395564,10.675733246209052,0.5903942639403008,9.587245282739667,12.154825072369984,0.2079770920558724,0.09243763856649437,0.02421968127370796,0.45067552454287996
21,47.04,50.02,cycling,cycling-gisela-01.csv,7.8014264,0.6424899333935125,6.177041,9.543288,4.45643938,0.43225589428660843,3.471592,5.635951,5.722620906666667,0.5186536811536622,4.865018,7.153875,-0.060119293333333323,0.13983680622747582,-0.408887,0.292309,0.016057940000000003,0.12961208175728217,-0.514406,0.282051,-0.018432073333333326,0.15934361389387805,-0.37851,0.395564,10.672929192460893,0.6540018577939698,8.915958838034976,12.22898684223092,0.2308943734501833,0.11244433247822655,0.025962211269458538,0.5990726620486032
22,49.28,52.26,cycling,cycling-gisela-01.csv,7.701891426666666,0.4881273973998639,6.287174,8.892065,4.67009792,0.48355996823211794,3.524265,6.162675,5.663691599999999,0.5506173713511286,4.46758,7.062895,-0.09379656666666665,0.08914135631526791,-0.325484,0.115511,-0.016778233333333333,0.11957029561656284,-0.302568,0.275123,-0.024148613333333332,0.14201542962207953,-0.418479,0.287646,10.665229884988161,0.4842502033230885,9.701543332842924,11.970076943855874,0.20616543988937622,0.09782582074118604,0.05399221926351981,0.5289413006383601
23,51.52,54.5,cycling,cycling-gisela-01.csv,8.006497786666666,0.5423255922905549,6.804321,9.466674,4.516837093333333,0.7497369761004308,3.275268,6.440403,5.28173666,0.5317457301509915,4.261679,6.392519,-0.10881438,0.14211581066396378,-0.857343,0.184259,-0.01573727333333333,0.1530984494372993,-0.394764,0.32575,-0.02618083333333333,0.2000983707172855,-0.418479,0.401559,10.638889289746727,0.59630282963423,9.246814779013258,12.092016607501455,0.28149417902553114,0.1311872368030349,0.045003084938701705,0.9585578476909987
24,53.76,56.74,cycling,cycling-gisela-01.csv,8.1619613,0.8318791065797541,6.23929,10.821792,4.440031093333333,0.8675815146504628,2.695871,6.311116,5.0364746,0.694095573553556,2.964022,7.225701,-0.08052230000000002,0.1966661173193712,-0.857343,0.480565,0.007486706666666665,0.2276292811082542,-0.523332,0.596343,-0.021127833333333332,0.24696472647016932,-0.524665,0.729308,10.629728319549352,0.7955688651737892,8.805750137881098,12.908414947113299,0.36508972609431306,0.1586820602827116,0.07355177836735152,0.9585578476909987
25,56.0,58.98,cycling,cycling-gisela-01.csv,8.176837286666666,0.6841148916765794,6.727707,9.902418,4.301390840000001,0.7788946305326893,2.695871,5.904101,5.219774660000001,0.6139457070315673,3.940856,7.225701,-0.09657578,0.11817761999859196,-0.338807,0.197182,0.024121946666666668,0.16600193392607557,-0.425674,0.35293,-0.014355253333333326,0.19989858225690968,-0.481631,0.574227,10.657526948589071,0.6909539593944611,9.358831548420401,12.663966091026698,0.27335343135677476,0.12990288519270984,0.06259801924981333,0.6271760030677194
26,58.24,61.22,cycling,cycling-gisela-01.csv,8.088124126666665,0.619919622977133,6.646304,9.380483,4.2154230466666665,0.3668929010628458,3.490746,5.276821,5.505067753333333,0.40381346329368356,4.620809,6.607996,-0.10063846,0.11543581335938052,-0.314825,0.338807,0.024764979999999995,0.11256286599066732,-0.216368,0.350132,-0.006181926666666663,0.1069663115634137,-0.237285,0.328681,10.668253527159026,0.6030398433976788,9.373343290467654,11.89511379558653,0.2012331976938535,0.08787740235263254,0.019001159175166128,0.49746759553663394
27,60.48,63.46,cycling,cycling-gisela-01.csv,7.96905248,0.5482370545795522,6.646304,9.203311,4.1843621933333335,0.36488154894775915,3.476381,5.00867,5.792180506666667,0.34128726443305296,5.114015,6.593631,-0.08028162000000001,0.08705346637231397,-0.259268,0.330413,0.0293819,0.0953531869059271,-0.142291,0.333478,-0.016887519999999996,0.11164350583965733,-0.340273,0.28738,10.712763221559523,0.5923875287708258,9.373343290467654,12.067174736878306,0.1748963151714457,0.07835630469437031,0.034440059073700784,0.47727390593871777
28,62.72,65.7,cycling,cycling-gisela-01.csv,7.8689109733333344,0.5651954337064181,6.564901,9.423578,3.9991787466666664,0.3915536267936434,3.136404,4.965574,6.034154466666667,0.4056924428983392,4.855441,7.10599,-0.09654645333333334,0.08091468872284245,-0.264064,0.156547,-0.008642239999999995,0.12200863785381098,-0.311228,0.276988,-0.021148253333333335,0.11297455646396297,-0.25687,0.254605,10.70457867362749,0.6111894803672357,9.350231056123693,12.086280941570571,0.19675787921092044,0.07297969937743544,0.04196030582586357,0.3954201807836823
29,64.96,67.94,cycling,cycling-gisela-01.csv,8.066895486666665,0.5780390210224535,6.564901,9.26556,4.068036046666667,0.4524810860014569,3.131616,5.252879,5.625512086666666,0.48263499277534005,4.687847,7.10599,-0.08455122000000001,0.12141783159112833,-0.632315,0.145489,-0.010852126666666666,0.12836453806880344,-0.340539,0.276988,-0.04228488666666666,0.11155715019836464,-0.25687,0.254605,10.662342334645121,0.5969648441194043,9.350231056123693,12.086280941570571,0.20702679629692705,0.09929419386052075,0.0534566535147871,0.7235314327290833
30,67.2,70.18,cycling,cycling-gisela-01.csv,7.902397853333333,0.5672111816425388,6.397307,9.150639,4.395850126666668,0.4357869372699201,3.337517,5.60722,5.608305773333333,0.42761570480099914,4.55856,6.464345,-0.09335866666666667,0.12280358177776773,-0.632315,0.14842,0.01603835333333333,0.15265667298274851,-0.340539,0.419812,-0.029070159999999998,0.10762801997720854,-0.344003,0.226626,10.656660109847204,0.595460400988889,8.931702261852104,11.988005929463373,0.21640286619881466,0.11382668101377305,0.03889398332647352,0.7235314327290833
31,69.44,72.42,cycling,cycling-gisela-01.csv,7.7884019533333335,0.6177841778939885,6.397307,9.198523,4.578415933333333,0.4053864534828409,3.672705,5.813122,5.665830453333333,0.3971099439304198,4.568137,6.493075,-0.07451444,0.08431093328360839,-0.24328,0.085668,0.020105473333333332,0.11653646186961954,-0.227692,0.315758,-0.01633768,0.10973562476366065,-0.344003,0.226626,10.67811978519707,0.6357529385549441,8.931702261852104,11.959972053530644,0.18125664757295487,0.07810612705403015,0.007348561900127127,0.39032070184529033
32,71.68,74.66,cycling,cycling-gisela-01.csv,7.805608286666668,0.631411648451841,6.172252,9.198523,4.47913634,0.4693772915379245,3.007117,5.621585,5.732421166666667,0.3546796713044493,5.013458,6.86657,-0.0832189,0.14971208140288256,-0.874796,0.182127,0.007676800000000001,0.13395336415359888,-0.423809,0.394764,-0.0017169133333333343,0.11584439024432368,-0.294175,0.266995,10.687979953451007,0.60225692583326,9.38670961234207,11.959972053530644,0.21623863988463984,0.1183437823665206,0.05012649915962614,1.0155890117178308
33,73.92,76.9,cycling,cycling-gisela-01.csv,7.67051152,0.5102419728508651,5.985504,9.097966,4.746361153333333,0.5747826283776007,3.007117,6.019023,5.60578386,0.41353765369807266,4.783615,6.684611,0.14279818000000002,0.4301965558152238,-0.479499,1.18709,0.16627257333333334,0.27591382972184986,-0.340406,0.861873,0.08964772666666668,0.24754775194465403,-0.294574,0.675349,10.643263421832014,0.5217115358348368,9.38670961234207,12.162226121094937,0.4584434880606205,0.41034324603364064,0.07893181445399568,1.6085951491363513
34,0.0,2.98,inclinewalk,inclinewalk-gisela-01.csv,7.504226213333334,0.46813131037158917,6.622362,9.289502,4.577394393333333,0.3527999500731049,3.873818,5.583278,6.005168646666667,0.35966240801705773,5.176264,6.971915,-0.10565594666666665,0.09504413164067779,-0.311761,0.115511,-0.04378685333333334,0.15364997542541886,-0.423009,0.387037,-0.011426820000000002,0.12849980249619425,-0.328415,0.277787,10.655590084636902,0.5092864541268843,9.640096808945282,12.576325464477293,0.22690219440584344,0.10430884492272378,0.019912331330107984,0.4437300259234212
35,2.24,5.22,inclinewalk,inclinewalk-gisela-01.csv,8.005284713333333,0.583623638683565,6.622362,10.510546,4.2025582,0.3832282741113622,3.371036,5.463568,5.5830868266666664,0.5317318237631039,4.271256,6.971915,-0.07822184666666669,0.1677725569429334,-0.49562,0.395164,-0.008811933333333334,0.1952314265402872,-0.619659,0.833095,0.014150939999999999,0.17706704122251662,-0.249675,0.501482,10.647795217850199,0.5582234972230734,9.572839083294935,12.76676237512209,0.28120155709362726,0.15791744272068073,0.03197084230982975,0.9696774870692833
36,4.48,7.46,inclinewalk,inclinewalk-gisela-01.csv,8.082761,0.5116820111393533,7.149086,10.084377,4.048020459999999,0.31490501699934076,3.394978,4.941632,5.703180026666667,0.2870556042050145,4.955997,6.38773,-0.06026314000000001,0.1004083824611624,-0.336009,0.150285,-0.00012438000000000097,0.15916237027076763,-0.323752,0.562369,0.01930167333333333,0.14469161126798824,-0.235819,0.443394,10.694819095432974,0.5549653416132411,9.572839083294935,12.835300427440606,0.22012502842707235,0.10908415887054329,0.03197084230982975,0.6207088589427413
37,6.72,9.7,inclinewalk,inclinewalk-gisela-01.csv,8.38206818,0.5316817852947139,7.369353,10.553641,3.810292193333333,0.2938283251437296,3.280056,4.644751,5.32049076,0.3763928949002745,4.343082,6.086061,-0.05789697333333333,0.10567632442939126,-0.263265,0.161876,0.0005071599999999954,0.12460185484184308,-0.323752,0.281518,-0.001239926666666666,0.12371278168996103,-0.266063,0.291776,10.64475315758292,0.5337957764179071,9.368650747520958,12.56758927519045,0.19694657568174043,0.08101765613866617,0.037531586177511865,0.3811598730244305
38,8.96,11.94,inclinewalk,inclinewalk-gisela-01.csv,8.57813742,0.5081409317542429,7.637504,10.314221,3.6910290266666665,0.3975908473410984,2.671929,4.601655,5.195321913333334,0.34264656805944976,4.43885,5.990293,-0.10608138,0.08012416460350107,-0.280052,0.040103,-0.02338382,0.1127099598191198,-0.29151,0.244479,-0.025312193333333333,0.13227806440916784,-0.34427,0.283649,10.696827774471295,0.5577406006178552,9.572704661455143,12.536356566369074,0.20006377009230628,0.0950587206308088,0.008304850149159828,0.4127837173884164
39,11.2,14.18,inclinewalk,inclinewalk-gisela-01.csv,8.58324506,0.5203505141673412,7.489063,10.907983,3.761865479999999,0.4144666087968442,2.99754,4.793192,4.992293646666665,0.3155836215114495,4.41012,5.985504,-0.04976631333333333,0.10443556594277874,-0.280718,0.133098,0.035103786666666664,0.12352434453869605,-0.263132,0.297905,-0.03621668,0.1327561418044539,-0.34427,0.213303,10.626080421952578,0.6125998856860806,9.558912618531513,12.919226033666954,0.19785520194163397,0.09830143981801708,0.008304850149159828,0.4230037442600243
40,13.44,16.42,inclinewalk,inclinewalk-gisela-01.csv,8.437326386666667,0.5753173334822187,7.125144,10.994174,4.040390906666667,0.32978146759795035,3.433285,4.999093,5.139999893333334,0.32411718859482797,4.41012,6.162675,-0.09028369333333333,0.1216166725328369,-0.294308,0.133098,0.004695926666666668,0.13186951876447653,-0.240882,0.359325,-0.003503113333333334,0.1191986408562635,-0.326949,0.307498,10.679998767513975,0.6444053582192686,9.216304259655493,13.558811006889579,0.2142186236313422,0.09318986586963204,0.008344640255876824,0.46129196998322003
41,15.68,18.66,inclinewalk,inclinewalk-gisela-01.csv,8.42832422,0.4903246641283286,7.43639,10.46745,3.8374902933333335,0.3459747485878037,3.031059,4.802769,5.236693680000001,0.24996180284727024,4.750096,5.904101,-0.11197816000000001,0.08939602008576444,-0.319489,0.056357,0.0006147000000000006,0.1608314517035251,-0.306698,0.451521,-0.04133458666666667,0.13739599482984388,-0.422077,0.235553,10.644845852427151,0.5438713918549165,9.596537188044914,12.78746990882602,0.23046775221700821,0.11776550036211667,0.028956855647670032,0.5587281643464915
42,17.92,20.9,inclinewalk,inclinewalk-gisela-01.csv,8.480007033333333,0.53193128373198,7.43639,10.314221,3.931374966666667,0.38564396808985035,3.150769,5.224148,5.1068322466666665,0.33489888161463377,4.31914,5.90889,-0.06944718666666666,0.09202433452874564,-0.319489,0.146554,-0.00042454666666666825,0.13396960023137522,-0.306698,0.297505,-0.004059146666666667,0.15703279871620818,-0.422077,0.392632,10.659511708084288,0.6038241270172923,9.388574265712128,12.78746990882602,0.2108680999291374,0.1070039479831561,0.03887159450035463,0.5587281643464915
43,20.16,23.14,inclinewalk,inclinewalk-gisela-01.csv,8.361542,0.5030758091663322,7.058106,10.486604,4.007382866666666,0.24174004667255464,3.294421,4.764462,5.1905016,0.34433822578557843,4.31914,6.038177,-0.07484575333333335,0.12320730852142048,-0.344669,0.119775,0.0431216,0.1936810602869573,-0.416348,0.445659,-0.01792766,0.15141065312554597,-0.423675,0.35626,10.634271480456551,0.5081056298047599,9.44069580391938,13.002720190821766,0.2597585592118791,0.12619758696074732,0.04180297369805167,0.5363704357559242
44,22.4,25.38,inclinewalk,inclinewalk-gisela-01.csv,8.345293266666665,0.6178852936479571,6.914454,10.802638,4.025642666666667,0.3032656864008778,3.337517,4.764462,5.308008979999999,0.35964352580061776,4.510676,6.354211,-0.06260357333333334,0.1226284655546363,-0.402092,0.137228,0.01465100666666667,0.19608346466878154,-0.416348,0.472571,0.011919706666666667,0.1538104299116956,-0.390501,0.35626,10.684338496186095,0.6875206144840522,9.104971342988236,12.972065464317623,0.2548597878197231,0.1283220221956168,0.03562457772381309,0.5796514057966219
45,24.64,27.62,inclinewalk,inclinewalk-gisela-01.csv,8.190180873333334,0.501111188108272,6.775591,10.591949,4.0550435,0.37945584070609584,3.074155,5.157111,5.473432366666667,0.3649481039125685,4.635174,6.560112,-0.09826868666666667,0.12811090343058948,-0.352663,0.157613,0.00931022666666667,0.172440660184623,-0.268461,0.506412,-0.04311007333333333,0.16502095892377214,-0.464844,0.283916,10.661069078522962,0.592279306312382,9.045908663169833,13.0165635996806,0.25900427843652524,0.13378631851197723,0.034509426393378374,0.6203897945912715
46,26.88,29.86,inclinewalk,inclinewalk-gisela-01.csv,8.198895766666668,0.6114129127041007,7.158663,10.582372,4.127954906666666,0.35022633070640374,3.457227,4.850653,5.479497713333333,0.35044765542806977,4.783615,6.560112,-0.09142327333333333,0.1303227383429255,-0.352663,0.197182,-0.03124447333333333,0.15104288099272545,-0.290178,0.462579,-0.02017123333333333,0.14334000284816595,-0.461513,0.223562,10.700630064914382,0.6345176909669596,9.430998877930216,13.005241432222663,0.2302022357653188,0.13073853971950494,0.01166142315500128,0.6203897945912715
47,29.12,32.1,inclinewalk,inclinewalk-gisela-01.csv,8.005731593333334,0.6224776572196531,6.665458,10.582372,4.309626926666667,0.5159698438679157,3.471592,5.966351,5.512378040000001,0.38375468672306584,4.836287,6.378153,-0.0718898,0.11891255059743133,-0.293508,0.17853,0.016702760000000004,0.15566255775519386,-0.281118,0.327083,-0.03662175333333333,0.12041486274558948,-0.391567,0.254338,10.653822616481865,0.5898888683983268,9.363878915975205,12.77272982957175,0.2219866653160609,0.10188701841370748,0.01166142315500128,0.5378422554067317
48,31.36,34.34,inclinewalk,inclinewalk-gisela-01.csv,8.219358260000002,0.6355308846624784,6.665458,10.424355,4.19333254,0.5235095104965414,3.471592,5.966351,5.328056433333333,0.31714502833821245,4.807557,6.138733,-0.07092432666666666,0.1020641983180192,-0.266995,0.17853,-0.008183939999999999,0.14959911255005182,-0.341871,0.356127,0.010189513333333332,0.09956584024377951,-0.218766,0.254338,10.676131148426958,0.5734454965952348,9.42776707564506,12.645587189556878,0.20525096170160215,0.07604904658898823,0.05697423114005137,0.41914964302859664
49,33.6,36.58,inclinewalk,inclinewalk-gisela-01.csv,8.209845293333334,0.45778270917579156,7.134721,10.424355,4.078602433333334,0.3039116281694053,3.514688,4.979939,5.428964053333334,0.2674360527009472,4.936844,6.244078,-0.08799922,0.11192885644347902,-0.347334,0.136695,0.013880060000000001,0.14030779085644673,-0.243547,0.356127,-0.037569406666666666,0.11491135305959962,-0.398228,0.14842,10.662250927475023,0.4472837247706969,9.78066976793788,12.645587189556878,0.20885029580998432,0.10558644413620868,0.017246516314896758,0.506771218603622
50,35.84,38.82,inclinewalk,inclinewalk-gisela-01.csv,8.355189260000001,0.5892722792055347,6.799533,10.907983,4.012905526666667,0.31454395254901335,3.394978,4.783615,5.281960059999999,0.2630590934739247,4.802769,5.951985,-0.08596345333333333,0.09765336289642644,-0.27379,0.147354,-0.027619740000000004,0.12059268769381942,-0.243547,0.289511,0.0002708933333333337,0.1242424152591026,-0.398228,0.256603,10.675848235925251,0.5944280100085494,9.298863496616885,12.95515818017167,0.19913878219793138,0.08950607529211742,0.020266490594081654,0.4950274600807515
51,38.08,41.06,inclinewalk,inclinewalk-gisela-01.csv,8.34491016,0.5531137179670148,7.177817,10.568007,3.9790036266666666,0.2986809564630136,3.462016,4.754885,5.247451633333333,0.26283502982619894,4.707001,5.928043,-0.07244226,0.0903270706577255,-0.27379,0.064484,0.03475471333333334,0.11232385693041567,-0.176265,0.283116,-0.02660358666666667,0.09872119054888448,-0.266862,0.202511,10.637315326103966,0.5634661377267984,9.539589963809712,12.964724860256695,0.1721760202828636,0.08966851168941609,0.020266490594081654,0.4256310806097224
52,40.32,43.3,inclinewalk,inclinewalk-gisela-01.csv,8.265837713333333,0.6143952405295507,6.727707,10.864887,4.180148493333333,0.30326638028140096,3.62961,5.228937,5.312925066666667,0.3251838227912467,4.453215,6.119579,-0.07486262,0.12168657358408773,-0.332678,0.193718,-0.0006830266666666659,0.14780652077284215,-0.329614,0.283116,0.007929946666666663,0.12508853227282862,-0.387969,0.338807,10.687535740870128,0.6137292633716048,9.248134011177065,13.139928400292673,0.21786255289146367,0.102494883678264,0.04343591520849998,0.5429576584974192
53,42.56,45.54,inclinewalk,inclinewalk-gisela-01.csv,8.316850133333334,0.5104825581245999,7.206547,10.831368,3.972682933333333,0.4037606672395858,2.973598,5.228937,5.357010346666667,0.4099911364811844,4.453215,6.277597,-0.09645674666666668,0.11126960352172775,-0.357726,0.181861,0.03054727333333333,0.12277748638350582,-0.178796,0.395564,-0.017500366666666666,0.15365706878437305,-0.476435,0.293508,10.67423169838539,0.5497737563354843,9.534316841305044,12.86919770539644,0.22221109190135158,0.11059504497506091,0.025486847706218986,0.5858936396471632
54,44.8,47.78,inclinewalk,inclinewalk-gisela-01.csv,7.88525532,0.5639674989594858,6.746861,9.830592,4.1516734333333325,0.39317588679594645,3.275268,4.936844,5.910932880000001,0.3240563712625921,5.046977,6.919243,-0.1052864,0.0867105097432447,-0.297639,0.090064,-0.0002495800000000013,0.1272361991202331,-0.323086,0.327616,-0.042491853333333336,0.1694642990806967,-0.536789,0.309763,10.70729408622261,0.533182680924437,9.5596518250804,12.587430958269007,0.22569651172774152,0.11990763961556461,0.034306872445619405,0.6895729592334664
55,47.04,50.02,inclinewalk,inclinewalk-gisela-01.csv,7.674725206666667,0.5769836607496067,6.411672,9.509769,4.312053106666666,0.36503920096857445,3.351882,5.137957,6.018448473333333,0.382823962147716,4.979939,6.919243,-0.07021550666666665,0.16702432574651102,-0.468308,0.18679,0.000243379999999996,0.14912682348974737,-0.319755,0.520268,-0.01661392,0.2436338512052193,-0.669487,0.375712,10.673153373220481,0.6429976978568452,9.129295170901695,12.688721415818577,0.2971823113147994,0.16242647911577401,0.04288810003952145,0.8173472226869068
56,49.28,52.26,inclinewalk,inclinewalk-gisela-01.csv,7.908846253333333,0.5710140649571566,6.660669,9.92636,4.291111760000001,0.3382603212227269,3.567361,5.343858,5.7649823,0.352128770865541,5.070919,6.86657,-0.03987167999999999,0.11380986738710722,-0.266729,0.165473,0.013274266666666664,0.14498075621670928,-0.281251,0.463511,0.03889997333333333,0.17771212903475653,-0.57356,0.375712,10.691583395749285,0.6730723477386248,9.330038751719792,12.929104639770111,0.23810152242546712,0.1101841021176593,0.05000369196369404,0.659061375294441
57,51.52,54.5,inclinewalk,inclinewalk-gisela-01.csv,7.982108793333335,0.5245542394227731,6.584054,10.328587,4.212773473333334,0.3886062141127905,3.347094,5.157111,5.666213526666667,0.32809115084790486,4.936844,6.354211,-0.09119502,0.12965449378696034,-0.371049,0.185724,-0.013003366666666662,0.20082772290360104,-0.36079,0.463511,-0.006627786666666656,0.16827173444285828,-0.463511,0.388103,10.66334716808302,0.6279647856007876,9.147533461970008,13.080651625980183,0.2834020227183349,0.11691996814458053,0.08270639246152621,0.6278813666378387
58,53.76,56.74,inclinewalk,inclinewalk-gisela-01.csv,8.135656893333334,0.5527425660274549,7.086837,10.328587,4.047477793333334,0.38631655437305634,3.265691,5.0374,5.663595873333334,0.3372537622812886,4.936844,6.359,-0.08124709333333333,0.1208245430208254,-0.314426,0.222363,-0.01586343333333333,0.18132699104172428,-0.36079,0.542917,-0.00898246,0.1184368551099772,-0.385571,0.19958,10.716683063105163,0.6070558784956348,9.4732385026969,13.080651625980183,0.23444447782644923,0.11607991480592235,0.048272509122688045,0.5974283948282003
59,56.0,58.98,inclinewalk,inclinewalk-gisela-01.csv,7.933554386666665,0.4916064457626214,6.900089,9.844957,4.173253206666667,0.34330974866790087,3.342306,5.013458,5.7180879,0.28611467529440593,4.975151,6.359,-0.06997486,0.11260118376447202,-0.314426,0.13936,0.018634619999999998,0.1639346830729715,-0.285115,0.485628,-0.018879766666666666,0.15736733446754092,-0.430337,0.296706,10.640540255459204,0.5236028320155514,9.493824488316866,12.484234436572994,0.22812624667890777,0.13370368774630256,0.04004813186654279,0.5856537898118649
60,58.24,61.22,inclinewalk,inclinewalk-gisela-01.csv,8.00362469333333,0.48295707380559816,7.129933,10.031705,4.281183826666667,0.2949149147452475,3.701436,5.013458,5.684760586666666,0.3030474409238744,4.975151,6.38773,-0.047207366666666674,0.1097379093454592,-0.303634,0.15175,0.013650006666666669,0.17219359817095395,-0.232489,0.525198,0.00829673333333333,0.15263119967493177,-0.531193,0.23915,10.714632399141495,0.5583536173089646,9.629169620801681,12.62910868344643,0.22971301008992667,0.12126398493292193,0.03785572667378081,0.6110255687956111
61,60.48,63.46,inclinewalk,inclinewalk-gisela-01.csv,7.895789840000001,0.4911340231159459,7.101202,10.323798,4.317926853333334,0.37366412989905584,3.701436,5.358223,5.715087153333334,0.39620008287723746,4.759673,6.665458,-0.07711953333333334,0.13756714998708408,-0.404757,0.15175,0.03393842666666667,0.21313943757823098,-0.3909,0.52573,-0.03901279333333333,0.1463540255652845,-0.425541,0.365853,10.671665622895677,0.5509768849905017,9.533659490403934,13.034686995893265,0.27647211994694904,0.13400390131547094,0.03785572667378081,0.586164883844981
62,0.0,2.98,resting,resting-gisela-01.csv,6.6767582333333335,0.11706231841256838,6.397307,6.904878,4.756321266666667,0.055821948944677895,4.649539,4.893748,6.873401873333332,0.10485372337412387,6.679823,7.096414,-0.09538377999999999,0.0636252978812537,-0.277387,0.00866,-0.006513226666666667,0.041804348545280416,-0.119775,0.104587,-0.02834360666666667,0.04637374673093914,-0.166273,0.0441,10.698998362501912,0.06777779382029021,10.416918294296352,10.962977188871141,0.11168002918557117,0.07360519820177996,0.027937636890044942,0.3156590352991658
63,2.24,5.22,resting,resting-gisela-01.csv,6.784082259999999,0.1315456546242624,6.416461,7.015011,4.70195694,0.04494579797255504,4.577713,4.836287,6.807098526666667,0.10902452233797046,6.603208,7.072472,-0.06905906666666667,0.02446873872860816,-0.200779,0.00866,-0.007486713333333334,0.021383263601030492,-0.105519,0.028245,0.0026504199999999997,0.014968151828140529,-0.046098,0.037971,10.700402353859408,0.036901542045394135,10.572436429963435,10.823759320784808,0.07422846225783673,0.024543316580491737,0.027937636890044942,0.2279594948472206
64,4.48,7.46,resting,resting-gisela-01.csv,6.971117213333334,0.26077209849492683,5.415684,7.924808,4.638590173333333,0.06332381665879452,4.41012,4.812346,6.663350753333334,0.11737938059136487,6.253655,7.067683,-0.07699965333333333,0.029326156515299143,-0.173867,0.058755,0.006687293333333333,0.05133800661622234,-0.215035,0.158412,-0.00545982,0.054789457277602836,-0.211305,0.235553,10.70357909120616,0.18006057457640567,9.721885682451784,11.333596984579478,0.10210503462867389,0.04555806242094414,0.033999553776483595,0.29405744678548784
65,6.72,9.7,resting,resting-gisela-01.csv,6.978714786666666,0.2493983311148275,5.415684,7.924808,4.603858146666666,0.05946532476576992,4.41012,4.812346,6.68834626,0.10760583402129766,6.253655,7.053318,-0.07872456666666668,0.032373376256715776,-0.173867,0.058755,0.014473333333333333,0.0394492771144021,-0.094328,0.158412,-0.012162240000000001,0.04867385913330755,-0.211305,0.235553,10.708904361772424,0.1691970456726282,9.721885682451784,11.333596984579478,0.09946476475725449,0.04043687606963095,0.033999553776483595,0.2560202253846363
66,8.96,11.94,resting,resting-gisela-01.csv,6.9653711000000005,0.0630747631017615,6.794744,7.163452,4.566476633333333,0.0392141257175552,4.462792,4.659117,6.7294946200000005,0.05306139633263467,6.617573,6.847417,-0.08308385999999998,0.014414008869628648,-0.120308,-0.050761,0.0002682400000000003,0.015652269286243026,-0.041568,0.037704,-0.012292780000000001,0.013289064036703263,-0.041568,0.019052,10.708034410784123,0.03914060223735807,10.599263544117864,10.804551153888855,0.08635294976804983,0.015054456488251657,0.053764992569514974,0.12668568828798302
67,11.2,14.18,resting,resting-gisela-01.csv,7.038250533333334,0.05396933270536352,6.904878,7.192182,4.51600702,0.05646394963543494,4.328717,4.659117,6.686845926666667,0.051158136387101615,6.564901,6.813898,-0.08464267333333333,0.016033846978396115,-0.128302,-0.054092,0.00096284,0.015714329386085808,-0.041568,0.03917,-0.010839693333333332,0.015083837402529755,-0.048096,0.019052,10.707600277448849,0.03482443699271683,10.61498574270611,10.804551153888855,0.08800550182105914,0.016412993585273424,0.05727527450829022,0.14047580143569213
68,13.44,16.42,resting,resting-gisela-01.csv,7.051977306666666,0.04629382486263824,6.92882,7.182605,4.487787446666667,0.03876674717977365,4.381389,4.606444,6.700253473333333,0.053073405412968254,6.531382,6.789956,-0.07598086,0.010173192698479666,-0.098724,-0.039969,0.0029328466666666666,0.014378114937518371,-0.041035,0.039836,-0.012546826666666667,0.012373479617174072,-0.039969,0.015588,10.71305135129158,0.031783910631235944,10.635811787405276,10.788442152213543,0.0793292597077613,0.010455196134230446,0.04852287928390071,0.10652200141754754
69,15.68,18.66,resting,resting-gisela-01.csv,7.035122153333332,0.04785215567888758,6.943185,7.182605,4.588982226666667,0.05257989596783758,4.486734,4.716578,6.633918020000001,0.035710223107203724,6.521805,6.751649,-0.07721725333333332,0.012445442475694554,-0.103654,-0.039969,0.0046381999999999994,0.012118074295310565,-0.041035,0.039836,-0.017501273333333334,0.011966579678920604,-0.040236,0.010525,10.703553218803862,0.029121668833946814,10.630106298877777,10.776960842990661,0.08123552859214613,0.011663462885493029,0.04852287928390071,0.10652200141754754
70,17.92,20.9,resting,resting-gisela-01.csv,7.0235661066666655,0.05089421414845332,6.919243,7.278373,4.597473620000001,0.05819383751322469,4.34787,4.735731,6.631906893333333,0.036221534890199705,6.512228,6.732495,-0.08983163333333333,0.021581524254916648,-0.185591,-0.045965,-0.005067206666666667,0.016661207359731034,-0.08287,0.019185,-0.015734579999999998,0.013531676870843957,-0.058622,0.042101,10.69838563557503,0.03559661535579381,10.57397243438425,10.792857778705045,0.09364313800838515,0.022369688000562965,0.07049258995100123,0.19120093178120237
71,20.16,23.14,resting,resting-gisela-01.csv,7.14729866,0.07326011891616795,6.919243,7.278373,4.53621404,0.05216106354410093,4.34787,4.735731,6.544789626666668,0.062173216293464756,6.445191,6.732495,-0.08526272000000001,0.023576234104176464,-0.185591,-0.042501,-0.004195879999999999,0.01827377840255266,-0.08287,0.017986,-0.015559626666666668,0.015576419284523928,-0.058622,0.042101,10.700740445141362,0.03865831564250289,10.57397243438425,10.792857778705045,0.08987829719890554,0.02416040427583684,0.050246476304314114,0.19120093178120237
72,22.4,25.38,resting,resting-gisela-01.csv,7.15997198,0.04313430944688465,7.038953,7.25922,4.522583093333333,0.04303423848818472,4.405331,4.616021,6.533999706666666,0.04248324099870384,6.435614,6.636727,-0.08585690666666666,0.009461218265703888,-0.11258,-0.053426,0.005203160000000001,0.008821831098723212,-0.02558,0.025447,-0.011005786666666666,0.014088269169105038,-0.048363,0.031176,10.696560768330544,0.034840016089250164,10.596277240703595,10.778151849998219,0.08824480079875625,0.00991375063642221,0.05615372608295909,0.11455137792711181
73,24.64,27.62,resting,resting-gisela-01.csv,7.253824626666668,0.08814354403097609,7.038953,7.431602,4.405810026666667,0.07844356542032377,4.276044,4.592079,6.535308513333333,0.04511972311421197,6.421249,6.631939,-0.08294443333333333,0.008280963628641832,-0.102188,-0.053426,-0.0018208400000000002,0.009806460573914186,-0.02558,0.025447,-0.0076927666666666665,0.015839219281861366,-0.047031,0.031176,10.71235026673518,0.030021649893077935,10.631974079776764,10.778151849998219,0.08531927355934002,0.008860958901448996,0.05615372608295909,0.10646687891546366
74,26.88,29.86,resting,resting-gisela-01.csv,7.335291293333333,0.03521577352277369,7.216124,7.431602,4.367981653333333,0.03551601428670108,4.29041,4.477157,6.457481133333334,0.028309154176383,6.344635,6.517017,-0.08091577333333333,0.007519433461058678,-0.102188,-0.059155,0.0027001666666666663,0.008275511592980553,-0.020384,0.018652,-0.014417413333333335,0.012143418101554256,-0.043567,0.02225,10.704546485206427,0.028498447411834597,10.627693551644073,10.771406698168722,0.08351113801847256,0.007803427652830657,0.0637641531975451,0.10646687891546366
75,29.12,32.1,resting,resting-gisela-01.csv,7.325203760000001,0.03788942621535811,7.220912,7.422025,4.422697153333334,0.054454721584173166,4.314352,4.563348,6.419174006666667,0.041745800135981205,6.339846,6.50744,-0.08131991999999999,0.007794601013111574,-0.099524,-0.063818,0.0019238866666666668,0.010382206026040687,-0.015988,0.038237,-0.016844893333333333,0.01533425508424267,-0.071812,0.007461,10.697193177634723,0.029273213041514392,10.616992015576635,10.779189365615348,0.08493938475374664,0.009453436607304504,0.06389026336618124,0.1096682790692003
76,31.36,34.34,resting,resting-gisela-01.csv,7.346591926666667,0.04274273432044279,7.240066,7.460332,4.425825573333333,0.0391913562958886,4.333505,4.52983,6.387730213333334,0.029089962035173292,6.320693,6.464345,-0.08046191333333333,0.0072007678895486945,-0.099524,-0.063818,0.0017701933333333334,0.00807557267541786,-0.02225,0.022516,-0.010486146666666666,0.01033192939089737,-0.037172,0.013723,10.694237551681676,0.030570225791140753,10.616992015576635,10.780586025142325,0.08220560053910217,0.007298375900995561,0.06389026336618124,0.10432808061591088
77,33.6,36.58,resting,resting-gisela-01.csv,7.403318499999998,0.051632945978544904,7.25922,7.532158,4.41548262,0.03661763139776064,4.333505,4.515464,6.322863366666666,0.03802517792137497,6.244078,6.411672,-0.08175426666666667,0.008159543196091855,-0.09939,-0.062485,0.00044764000000000007,0.009809713513506225,-0.024115,0.022116,-0.012124946666666666,0.011281403718087961,-0.036505,0.011991,10.690596456859035,0.028510634651356014,10.595369771728828,10.76877542098938,0.08399260405719924,0.008142234912513861,0.0656989017488116,0.10088226984460649
78,35.84,38.82,resting,resting-gisela-01.csv,7.468089633333334,0.034998690147950116,7.359776,7.546524,4.401564326666667,0.06567986512516567,4.295198,4.582502,6.247589706666666,0.05675868497531713,6.110003,6.339846,-0.08052054666666666,0.01091061624876534,-0.104054,-0.06102,0.0014122199999999998,0.011159082388721157,-0.028112,0.022116,-0.018492553333333335,0.01682213554993803,-0.055424,0.02558,10.685804626597957,0.029124210296448537,10.607868667820176,10.745231066672183,0.08513583816664796,0.010294041986621542,0.06175120262796507,0.106811409287585
79,38.08,41.06,resting,resting-gisela-01.csv,7.464354693333333,0.03617728239506972,7.359776,7.546524,4.444404540000001,0.06303272409625865,4.309563,4.582502,6.222594213333333,0.04070885470551202,6.110003,6.306327,-0.08291781333333334,0.009958783865102317,-0.106585,-0.06102,0.005061013333333333,0.009074135892735034,-0.01772,0.020651,-0.013983993333333335,0.016663523415931244,-0.055424,0.027979,10.686267083410081,0.025226966038909886,10.610808704730331,10.74773003469393,0.08650014653032331,0.00856998685097759,0.07125516226211263,0.10724530879716837
80,40.32,43.3,resting,resting-gisela-01.csv,7.4464779399999985,0.03866126131383194,7.359776,7.546524,4.397797466666667,0.03203269746257545,4.309563,4.486734,6.277373526666667,0.04275496339322439,6.167464,6.368577,-0.08363904,0.009102877078433316,-0.108717,-0.067548,0.007311713333333333,0.008981515881955685,-0.022516,0.03091,-0.017413313333333336,0.00941681429227292,-0.0441,-0.001332,10.686431133706005,0.02476005470019846,10.609457244825721,10.74690257932866,0.08662083133230274,0.010060398331780743,0.06853146391257084,0.11632528674798098
81,42.56,45.54,resting,resting-gisela-01.csv,7.474729526666667,0.045639944171116394,7.359776,7.594408,4.38732682,0.03301652180188376,4.31914,4.486734,6.257102613333334,0.04905131960152029,6.133945,6.349423,-0.08142117333333333,0.007864745633307043,-0.098991,-0.061819,0.0009316999999999999,0.009667232162827166,-0.019585,0.021184,-0.013228086666666666,0.011054651790045472,-0.044632,0.009859,10.690014354047719,0.026897463092823908,10.577070760522357,10.759645935610429,0.08371642525392498,0.008621651767342796,0.06368101279031294,0.11063451252208778
82,44.8,47.78,resting,resting-gisela-01.csv,7.472686486666668,0.05345383814666463,7.335834,7.594408,4.415865646666666,0.05346166246001415,4.314352,4.572925,6.232394500000001,0.04312923351938912,6.133945,6.325481,-0.08177022666666665,0.008668870969275962,-0.103254,-0.06102,0.006895153333333335,0.010118848498873553,-0.020784,0.036372,-0.01512528,0.016051787785838684,-0.053292,0.014655,10.685981719509249,0.03200350473676746,10.577070760522357,10.76631372859281,0.08550187152618292,0.00934438222428022,0.07085303711909603,0.11063451252208778
83,47.04,50.02,resting,resting-gisela-01.csv,7.480188280000001,0.050468244275665715,7.364564,7.599196,4.39071062,0.03322928749094089,4.309563,4.486734,6.246280866666666,0.04387814092152134,6.133945,6.339846,-0.07912424666666666,0.010596537510549798,-0.103254,-0.040236,0.0020837333333333327,0.012156523603764726,-0.025847,0.036372,-0.009934593333333333,0.010747048596457644,-0.035573,0.013856,10.688887972789674,0.028836500249233826,10.61260734945395,10.750827117831307,0.08138465342166971,0.010760548972119043,0.045823972568951286,0.10676066969628843
84,49.28,52.26,resting,resting-gisela-01.csv,7.573881406666666,0.04388771321590232,7.43639,7.675811,4.343784306666667,0.04102175389358619,4.242526,4.477157,6.156514186666667,0.04672846475163885,6.0286,6.277597,-0.08078163333333332,0.012561829841450472,-0.112047,-0.040236,-0.0012745733333333331,0.010756412985964338,-0.028911,0.038504,-0.009812046666666668,0.011400441536675479,-0.036372,0.019452,10.683619793645809,0.02948161501579054,10.606057567928527,10.743441898627367,0.08292727704925004,0.012251932855278841,0.045823972568951286,0.1136374039610198
85,51.52,54.5,resting,resting-gisela-01.csv,7.594918546666667,0.040002236382913496,7.489063,7.752425,4.299347973333333,0.031717682404183045,4.19943,4.386178,6.174295113333333,0.06328036978721877,6.019023,6.306327,-0.08463023333333332,0.008335630142480064,-0.104853,-0.053292,0.00190878,0.012825461163311049,-0.028911,0.027446,-0.014921906666666667,0.010259244495476046,-0.036372,0.019452,10.690880984950239,0.027843023564376814,10.606057567928527,10.754618913494843,0.08747783909291527,0.00868550993824515,0.059690749048742886,0.10901116613448368
86,53.76,56.74,resting,resting-gisela-01.csv,7.6022288866666665,0.03211415342213603,7.52737,7.723695,4.301742153333334,0.03184158736929571,4.213795,4.371812,6.163569153333333,0.033506984006270814,6.081272,6.263232,-0.08247539333333333,0.008963353164150617,-0.101123,-0.053292,0.00136608,0.008887185256326475,-0.022649,0.021317,-0.016190259999999998,0.010756215131993844,-0.037172,0.01279,10.69069505810701,0.02571779609409187,10.618265737065352,10.742183182230603,0.08511833073167116,0.00980157630522665,0.059690749048742886,0.10585763981876792
87,56.0,58.98,resting,resting-gisela-01.csv,7.649187173333333,0.05311607198676579,7.52737,7.762002,4.306498626666667,0.04358334305328844,4.19943,4.414908,6.094488306666667,0.05890763304269336,5.966351,6.205771,-0.08337610000000001,0.011612820876226986,-0.115645,-0.059021,-0.0012337133333333332,0.013182604778184857,-0.037038,0.026113,-0.012402040000000001,0.00921352620652918,-0.040103,0.01279,10.686725699619982,0.029450118391800364,10.606933275088235,10.757407118869025,0.08578761060392401,0.01187098586594662,0.05934879029938184,0.11987348828660989
88,58.24,61.22,resting,resting-gisela-01.csv,7.72481204,0.1247982419648546,7.431602,8.025364,4.259061453333333,0.13919425643756939,3.998317,4.793192,6.022534520000001,0.10164003705684224,5.808333,6.339846,-0.07897240666666668,0.04355054524650588,-0.231156,0.016121,-0.004731506666666665,0.03681411571716238,-0.121907,0.099124,-0.0005089066666666664,0.05407619204053316,-0.202245,0.127769,10.682885663621375,0.06694623618230701,10.511754742422314,10.919308290754547,0.10230411212314658,0.04437701490255195,0.02385151418673456,0.29660401572635525
89,0.0,2.98,running,running-gisela-01.csv,8.01052004,5.672854784416061,0.062249,20.101717,4.448650173333334,3.160338485663605,0.186748,11.324574,5.744104853333333,3.267476824491953,0.833182,12.593501,-0.11144172,0.3307173332821675,-0.704926,0.608734,-0.10777168000000001,0.6366906747938366,-1.512175,1.300204,0.009667220000000002,0.4447956247245974,-1.082371,1.022949,10.998731146220868,6.987631856559817,1.824846959240418,24.564869276562842,0.7943053200652157,0.32526700309445583,0.15525890894245006,1.6957005084560186
90,2.24,5.22,running,running-gisela-01.csv,8.674065066666666,6.312727162210054,-0.177171,22.328325,4.047413893333333,3.1164821328849044,-0.191536,10.251971,5.167868399999999,3.0649314382870076,0.521936,11.650186,-0.07222288666666667,0.301616626403553,-0.830297,0.597276,0.00031706666666665663,0.5794340617816855,-1.31326,1.188289,0.0161245,0.35595390674147215,-0.931286,0.786198,11.05833267905432,7.416056633702851,1.4687056176167503,25.931780069469777,0.6831937475662327,0.303549260708692,0.0980789910327385,1.4611019396260483
91,4.48,7.46,running,running-gisela-01.csv,8.666627100000001,6.653374209471881,-0.129287,22.328325,3.68225026,3.0759518162877595,-0.354342,10.529699,4.644751313333333,2.964243839468953,0.521936,10.544065,-0.08453255333333333,0.31650394154305117,-0.752757,0.727576,0.010747366666666664,0.6172609198030864,-1.578524,1.124205,-0.00618548,0.3328862656332283,-0.925424,0.737835,10.666257408665674,7.680473254281927,1.5580863654233035,26.411680110168135,0.7066465762465496,0.3161474163754244,0.17562898889135586,1.6588530878730643
92,6.72,9.7,running,running-gisela-01.csv,8.401062313333336,6.962119195193353,-0.47884,24.641125,3.68480406,3.2163147954852684,-0.363919,11.63582,4.572350660000001,3.043017628846344,0.426168,11.631032,-0.07736296666666669,0.2641306358112318,-0.822703,0.615662,0.031819179999999996,0.5698376049952368,-1.512175,1.174034,-0.017634513333333338,0.3023583536607456,-0.809247,0.614596,10.436426393484007,8.013661116225327,0.9659172536247606,28.970883102749664,0.633110879759372,0.303940029754798,0.17562898889135586,1.6334815671509735
93,8.96,11.94,running,running-gisela-01.csv,8.461651506666668,6.527808297924309,-0.78051,22.476765,4.011277440000001,3.1045324130651224,-0.071826,10.888829,5.025429406666667,3.2256575624718957,0.550666,11.631032,-0.10456968,0.2492621974661038,-0.952204,0.362922,-0.004973066666666664,0.5978712773576452,-1.658596,1.308864,-0.020033553333333332,0.33298567394840545,-0.909969,0.805516,10.784842295571098,7.699823354501816,1.1392881770333614,26.725973605021803,0.6626610173651497,0.32047220647176994,0.12099226608754793,1.7341786367228724
94,11.2,14.18,running,running-gisela-01.csv,8.741549566666668,6.593097634829173,-0.3304,22.385786,4.163676359999999,3.2402891814762422,-0.205901,10.596737,5.1604943,3.1002840715320152,0.45011,11.027693,-0.08672825333333332,0.22810782718007686,-0.952204,0.634314,-0.004643580000000004,0.5948109542738574,-1.503515,1.148587,-0.0152781,0.32005124018610415,-0.909969,0.795257,11.140631327619081,7.736155144895617,1.1563571766910947,26.34171072022434,0.6480197374055948,0.310021356560346,0.12809293452021467,1.7341786367228724
95,13.44,16.42,running,running-gisela-01.csv,8.25498398,6.243355036956186,-0.3304,22.385786,4.156557586666666,3.1487279940475057,-0.186748,10.663774,5.23911988,3.231389514795755,0.593762,11.798626,-0.08733575333333335,0.2190633279505552,-0.662692,0.447923,0.039217926666666666,0.6012103995935765,-1.503515,1.148587,-0.04283564666666667,0.3569841358051295,-0.811645,0.705593,10.785918907078358,7.474617730866928,1.1563571766910947,26.34171072022434,0.6730582744450588,0.30801524452127355,0.12809293452021467,1.6179100417968237
96,15.68,18.66,running,running-gisela-01.csv,8.0250768,6.330043773945648,0.043096,23.046585,4.0566396000000005,3.281045228109266,-0.186748,11.042058,4.99497514,3.1129113418360075,0.972046,11.674128,-0.09078289333333332,0.24802233164030874,-0.943144,0.586617,0.004198606666666678,0.6979986426279915,-1.660727,1.406522,-0.03955279999999999,0.4048864621053331,-1.329248,0.716917,10.45477780287446,7.551854687626467,1.353975331632375,27.227800975815672,0.7610210217171197,0.37857736304667106,0.09760426239155748,1.9565989990659813
97,17.92,20.9,running,running-gisela-01.csv,8.393145386666667,6.555816355772932,-0.703895,23.367409,4.180212326666666,3.2613429401247833,-0.153229,11.707646,4.908720000000001,3.0896825276810174,0.416591,11.865664,-0.10302420666666666,0.22070502515068377,-0.829498,0.577424,-0.03592092666666667,0.6767271215622153,-1.5227,1.277021,0.0021716866666666636,0.40819917144645845,-1.329248,0.733971,10.775835142448138,7.684868091548394,1.3486049514286977,27.62428157629411,0.7503751332726307,0.3494896915148835,0.1977964916928508,1.6794751329224855
98,20.16,23.14,running,running-gisela-01.csv,8.829145486666667,6.840843695821327,-0.861913,24.272417,4.111514726666666,3.19166175903059,-0.153229,11.707646,4.984153320000001,3.045399943490642,0.416591,11.319786,-0.11148794666666667,0.21813300905990934,-0.670286,0.37398,0.022345560000000004,0.5883509926716929,-1.411319,1.248377,-0.03393668666666667,0.310664811887778,-0.92276,0.752623,11.147167026284075,7.854878932755411,1.1661806897312268,27.62428157629411,0.6313236735587553,0.3252115154394416,0.12395547938675401,1.5465259545335799
99,22.4,25.38,running,running-gisela-01.csv,8.594545626666667,6.542997087317913,-0.861913,23.769634,3.8794048866666664,3.085201332456159,-0.397437,11.473015,4.884650286666667,2.961172405843094,0.957681,11.319786,-0.07888712,0.2550192894950215,-0.747028,0.563035,0.023673426666666667,0.6070154603902534,-1.506312,1.172568,-0.009928433333333334,0.33106669589795984,-1.038138,0.771009,10.826428017480813,7.527421987138363,1.2485434294593039,27.57426976939607,0.6634978068804424,0.33130138421905686,0.1130143877256343,1.7067792958531576
100,24.64,27.62,running,running-gisela-01.csv,8.356051226666667,6.550791284802504,-0.272939,23.956383,3.790468233333333,3.10739166000402,-0.282516,10.357317,4.604113673333333,2.83927500585512,0.536301,10.879252,-0.08034822666666668,0.283584700049965,-1.189622,0.585018,-0.0033067533333333288,0.6575459445579545,-2.338874,1.028012,-0.015262060000000001,0.32502378074301436,-1.038138,0.729974,10.446888025457662,7.542006813553769,1.236614251412703,27.360514993510154,0.694127764455651,0.37856803693504487,0.12638490189100912,2.676255755278258
101,26.88,29.86,running,running-gisela-01.csv,8.5517693,6.788266369219898,-1.192312,23.956383,3.859804273333334,3.128289466862954,-0.316035,10.994174,4.613243599999999,2.776512822803535,0.785298,10.544065,-0.07620294666666667,0.2469083997932509,-0.840556,0.585018,0.019585906666666666,0.6015005868993795,-2.023516,1.01802,-0.0049588533333333315,0.3145654340831361,-0.911302,0.729974,10.655988060531364,7.703152659708803,0.9176009300736351,27.377707375792227,0.6410125086156232,0.3421055057931675,0.044990575168583916,2.0455404130996775
102,29.12,32.1,running,running-gisela-01.csv,8.827389786666666,6.602210874405609,0.071826,22.802378,4.1291998266666665,3.246353595365994,-0.316035,11.626244,5.061374326666667,2.9166528825158142,0.938527,11.061212,-0.08692624,0.30450874843799763,-1.001632,0.854412,-0.0073410600000000025,0.6914091784645445,-1.787564,1.468874,-0.0015641399999999984,0.30157157740417184,-0.836959,0.632449,11.161118392148191,7.6586494957489775,1.0501790644766253,26.945529973144414,0.7211913953172414,0.38628114949490316,0.044990575168583916,1.9347796868212153
103,31.36,34.34,running,running-gisela-01.csv,8.809768426666666,6.701688325991651,-0.799663,24.349031,3.783700566666667,3.1120935826940324,-1.010353,10.94629,4.812026206666667,2.9597750056222436,0.948104,10.721235,-0.06460290666666668,0.17572765113194705,-0.541851,0.4354,0.00462844,0.6306057643724747,-1.718417,1.204943,-0.0018341266666666671,0.3331278087324102,-0.723446,0.887587,10.885326781684652,7.7428475220267945,1.2245019731637838,27.479878190450663,0.6574774387563095,0.3338258736777153,0.06316105411564946,1.72004321394115
104,33.6,36.58,running,running-gisela-01.csv,8.599429833333334,6.999096738712168,-0.799663,24.674643,3.4269645466666665,2.9275586724790825,-0.521936,10.625467,4.384357933333333,2.692092048802142,0.684742,10.290278,-0.11483641999999998,0.17436720251294469,-0.631916,0.305233,0.016734733333333328,0.5865488353087595,-1.657263,1.179763,-0.043885473333333334,0.3041445846593513,-1.146588,0.830164,10.431879850877879,7.803721629123326,1.2639752797305808,27.61273621571084,0.6170822123748241,0.31866960710161746,0.16097399544336347,1.6887034657680429
105,35.84,38.82,running,running-gisela-01.csv,8.505896333333334,6.305404319759844,0.387861,23.587675,3.8942807800000008,2.976971117716139,-0.148441,10.591949,5.017289086666667,2.922879344152771,0.684742,12.052411,-0.088732,0.23958021237230756,-0.769144,0.52653,-0.013016700000000003,0.6662332977428728,-1.607435,1.179763,-0.011541420000000005,0.34811811616040644,-1.146588,0.667888,10.77725505763321,7.3282578257476585,1.2768889214606727,26.82701716508388,0.7048666263787196,0.3657741839943909,0.040394533132591094,1.6472816028903499
106,38.08,41.06,running,running-gisela-01.csv,8.856503226666666,6.504997085212639,0.0,22.141577,3.984526246666666,3.0683089599668567,-0.383072,10.591949,5.02440784,3.070574847088206,0.225055,11.286267,-0.08302172666666667,0.23832323580213202,-0.769144,0.53026,-0.003530613333333333,0.5976188506324611,-1.388003,0.985911,-0.009941706666666671,0.2853119593764119,-0.79659,0.667888,11.094201818375574,7.59179793027625,0.6503770807785281,26.25902168322977,0.6264479687092468,0.33153585308138006,0.0957746345020434,1.461561991255246
107,40.32,43.3,running,running-gisela-01.csv,8.57654122,6.137133756479525,-0.02873,21.217415,3.874584499999999,2.979552314177229,-0.277727,10.472239,4.941345006666667,2.805141544269419,0.349553,12.550406,-0.09515908666666667,0.21177930335563758,-0.668421,0.494155,0.04214013333333333,0.6020095286877074,-1.542285,1.144323,-0.04783358666666667,0.29124721223011873,-0.780469,0.674949,10.80148348611577,7.122167587280074,0.6503770807785281,24.8452534011392,0.6320875487952324,0.3250773905955747,0.08138727966334788,1.669585164263866
108,42.56,45.54,running,running-gisela-01.csv,8.123717893333332,6.28437701132623,-0.205901,23.922863,3.81699598,2.939186807864982,-0.277727,10.405201,5.012851780000001,2.9333886034902314,0.703895,12.550406,-0.09458884666666667,0.22203022881279738,-0.668421,0.337208,-0.0018332866666666684,0.5335721360698331,-1.438764,1.144323,-0.011488933333333333,0.29398732712491005,-0.713187,0.903041,10.480403825579826,7.251968805360428,0.8655492653771939,27.02901694642428,0.5714915637292147,0.3207880833759939,0.056995661062926535,1.4505367894034953
109,44.8,47.78,running,running-gisela-01.csv,8.681439146666666,6.62647875245784,0.095768,23.922863,3.6977966666666666,2.9242384897414295,-0.617704,10.721235,4.631056446666666,2.7768370046884194,0.675165,11.554418,-0.04555792666666667,0.23282980774780815,-0.910236,0.552377,0.0036239000000000045,0.551600870560115,-1.51364,1.125937,0.006900453333333326,0.3358090597831966,-0.948207,0.841755,10.689226891263548,7.510020857285025,1.114319706721998,27.02901694642428,0.6136605775284693,0.31112366285456144,0.056995661062926535,1.556011954472394
110,47.04,50.02,running,running-gisela-01.csv,8.980139793333334,6.54914997105381,-0.02873,22.931664,4.039912073333333,3.2770289352398705,-0.770933,10.85531,4.872104646666667,2.9194677397939834,0.732626,10.716447,-0.09099603333333332,0.255278186659062,-1.099291,0.552377,0.011345039999999994,0.6349047703369788,-1.413983,1.125937,-0.04028470666666667,0.37782455646566165,-1.259835,0.683743,11.173999390772419,7.615544461206505,1.114319706721998,26.584824033920953,0.7174355191467718,0.32609896798654364,0.1834643067710992,1.5732801166817052
111,49.28,52.26,running,running-gisela-01.csv,8.4551712,6.422773552597801,-0.3304,23.367409,4.000710986666666,3.082159376967317,-0.225055,10.85531,4.893301360000001,2.801108467100692,0.799663,10.716447,-0.08828790666666665,0.25791420824763533,-1.099291,0.859475,0.03026747333333333,0.5868312185933839,-1.413983,1.301136,-0.01635902666666667,0.3099028639733413,-1.013357,0.762349,10.747657964515065,7.384158047818253,0.894021714833594,27.23083050285971,0.641087111466598,0.32390771942196794,0.13245054682786328,1.4456335244483645
112,51.52,54.5,running,running-gisela-01.csv,8.282948226666667,6.34620209080213,-0.081403,23.367409,3.77843334,3.003286504695563,-0.272939,10.658986,4.731166033333334,2.938738436443265,0.426168,10.572795,-0.10206491999999999,0.24086889109874746,-1.054659,0.492956,-0.005628566666666665,0.5823650074379174,-1.306466,1.301136,-0.012537940000000001,0.3405353208361061,-0.867202,0.762349,10.418892844619537,7.392197789709346,1.2432889799789106,27.23083050285971,0.6463763632196359,0.3254763508950904,0.057758620360946984,1.499356851569699
113,53.76,56.74,running,running-gisela-01.csv,8.654656039999999,6.169194052106884,0.191536,21.346703,3.9830258599999993,3.0186443712609847,-0.272939,10.036493,5.030696626666666,2.9437153545310313,0.636858,11.032481,-0.10622794666666667,0.28528448962039715,-1.054659,0.49562,-0.02548536,0.6506101085344667,-1.436366,1.210939,-0.017616733333333336,0.3755628544495256,-0.874397,0.834561,10.91219800783861,7.268840247289385,1.351738564801271,25.15622773043101,0.7358053422350513,0.34141314978559184,0.12056143837894438,1.6012647445325836
114,56.0,58.98,running,running-gisela-01.csv,8.834636266666667,6.280082067567215,0.033519,23.745693,4.036560233333333,3.063449141597361,-0.588974,10.544065,5.060991266666667,2.9347887523980067,0.646434,11.540052,-0.08108986,0.22969980467508833,-1.009893,0.467775,0.019795506666666667,0.6819732182463741,-1.436366,1.421311,-0.01852361333333333,0.3909060512964684,-1.093962,0.753689,11.119444071745122,7.331667549607886,1.5298102786280394,26.776028152967143,0.7424581647785916,0.35598235475487505,0.17442853679659184,1.6098862842483628
115,58.24,61.22,running,running-gisela-01.csv,8.257537813333334,5.641965284218695,0.0,20.973207,3.9171374466666666,2.7696091633149984,-0.23942,10.544065,5.202057633333334,2.827278794583339,0.823605,10.85531,-0.05188825999999999,0.30779513841517886,-1.77011,0.735303,0.05818824666666668,0.5420002906287896,-1.277288,1.327516,-0.0003330800000000004,0.34233865550875237,-0.919962,0.78753,10.687713973544522,6.6227700188877785,1.1799600252589069,25.172922166601058,0.6221669382060045,0.3531070557931014,0.09452957296528955,1.8988850857187225
116,0.0,2.98,squatting,squatting-gisela-01.csv,8.547459686666667,1.923999874390024,2.786851,13.632585,3.943569393333333,0.848966064134006,1.225831,6.344635,4.8684336,0.764411847777213,2.240973,6.622362,-0.07406857333333333,0.09407183919950728,-0.257003,0.140959,-0.017052726666666657,0.2067432787863859,-0.924358,0.408887,0.00523596,0.16704535596261993,-0.402891,0.62632,10.635855396721674,2.0488720605711,4.443393565629878,15.453128933979519,0.23586064735901383,0.17225145732130573,0.016437836049796824,1.1051933518117996
117,2.24,5.22,squatting,squatting-gisela-01.csv,8.409840913333333,2.102943365248793,2.786851,12.105083,3.6002409199999996,0.9609388690098764,1.225831,5.554548,4.684782386666667,1.0646726298846094,2.240973,6.785168,-0.11418627333333334,0.11835155200125298,-0.427806,0.135629,-0.006517646666666667,0.1871217160943517,-0.522933,0.412351,-0.022050633333333333,0.1811524579440723,-0.545449,0.749292,10.310536147893297,2.409666229847797,4.443393565629878,14.266624811528969,0.26712408920876307,0.1550799008414548,0.016437836049796824,0.88692632002495
118,4.48,7.46,squatting,squatting-gisela-01.csv,8.527667593333332,1.8762479162286065,4.343082,13.546393,3.5567621933333338,0.9840285339146333,1.953669,5.597643,4.800438293333333,1.141673687429898,3.007117,7.115568,-0.08833138666666668,0.13096893631472498,-0.349865,0.290444,0.009580206666666667,0.2346104655075528,-0.50921,0.728508,-0.03423598666666667,0.1946213531140228,-0.545449,0.410086,10.44568871409198,2.2573223487099643,5.811593326518812,16.176976705213864,0.3107856861977836,0.15016983106090082,0.049587881916855446,0.8073326415059657
119,6.72,9.7,squatting,squatting-gisela-01.csv,8.57593472,1.6363868657850773,4.314352,13.067553,3.659617093333333,0.9606791845654222,2.13084,6.962338,4.755108053333333,1.0863390026711295,2.973598,7.891289,-0.10145736,0.0866220773728638,-0.295374,0.140959,0.004242946666666668,0.17076544166514043,-0.290977,0.483763,-0.04433402000000001,0.13000656746321038,-0.403691,0.317357,10.491425466753675,2.0642908624616525,6.648478932048744,16.762326472727196,0.22877486116260878,0.11621142225711899,0.06578561382247641,0.6142481899900072
120,8.96,11.94,squatting,squatting-gisela-01.csv,8.498107213333332,1.7416151769678152,4.314352,13.067553,3.8636988400000005,1.0855681754954505,2.27928,6.962338,5.090008986666667,1.3019961766785237,2.973598,8.695741,-0.0920024,0.0834401420253665,-0.265397,0.090331,0.017067753333333335,0.1562233707785079,-0.285914,0.483763,-0.03618473333333333,0.11306126596352774,-0.387436,0.188256,10.669199803227123,2.2647820449371667,6.648478932048744,16.762326472727196,0.213308088944948,0.09335733857900064,0.060393826257325346,0.6142481899900072
121,11.2,14.18,squatting,squatting-gisela-01.csv,8.547587413333334,1.7634413374585811,4.357447,12.588713,4.148640773333334,1.1654935761064789,2.48997,6.660669,5.1437029,1.3126842503156233,3.122039,8.695741,-0.06008192,0.0770738145818254,-0.32162,0.090331,-0.0008890933333333351,0.13365192963038214,-0.280052,0.319222,-0.0040715,0.11601572777537535,-0.333478,0.188922,10.833661635246568,2.356515758237819,6.951305747068028,16.539727057162523,0.1727646569960174,0.1050830066305131,0.01751465937436409,0.46952721958263505
122,13.44,16.42,squatting,squatting-gisela-01.csv,8.644855826666666,2.1607942436693954,3.462016,13.690045,4.016033913333333,1.273783558538859,1.733402,7.359776,4.999284706666667,1.2608564330563812,2.619257,7.728483,-0.08362477333333333,0.06816394557576086,-0.32162,0.047697,0.016881253333333335,0.21035313137018544,-0.386104,0.675349,-0.007022186666666667,0.15274020893737122,-0.450721,0.290444,10.791430182485152,2.698380646612729,4.962029383236863,17.25998439199048,0.2314603584297845,0.16117638719807054,0.006401911433314271,0.7983137338634478
123,15.68,18.66,squatting,squatting-gisela-01.csv,8.72252374,1.6885361759818331,3.462016,13.690045,3.982962039999999,0.955771620184612,1.733402,7.359776,4.85639876,0.9230266631431595,2.619257,7.728483,-0.047726933333333325,0.10869122518619226,-0.274456,0.261533,0.009712546666666667,0.17930251973576525,-0.313893,0.675349,-0.020184533333333334,0.15234600263276427,-0.450721,0.355061,10.768161254678493,2.048011509913433,4.962029383236863,17.25998439199048,0.21500178778851728,0.15403350575778862,0.006401911433314271,0.7983137338634478
124,0.0,2.98,walking,walking-gisela-01.csv,6.856323273333334,0.5753025028867497,5.875371,9.02614,4.772888993333334,0.6349744461940757,3.44765,6.47871,6.670022459999999,0.5569949367592447,5.262455,7.891289,-0.10922563999999998,0.2088197830515835,-0.554242,0.306299,-0.01940028666666667,0.23374186714163517,-0.429138,0.717184,-0.020820493333333325,0.17902447298633953,-0.452587,0.308697,10.717188788839545,0.6819905638158699,9.442340166306337,13.026813324047712,0.3399755969198169,0.16567263556309125,0.067183864521178,0.7753763812014137
125,2.24,5.22,walking,walking-gisela-01.csv,7.36673512,0.5126316811918139,6.454768,9.514558,4.348859873333333,0.4479169350091197,3.44765,5.755661,6.469994873333333,0.4428404031335788,5.731719,7.718906,-0.08286452,0.1439353790235845,-0.372781,0.186391,-0.009695653333333335,0.1760561535262348,-0.394498,0.384372,0.001560526666666665,0.1701112840462069,-0.452587,0.361856,10.734563016256589,0.6862124168092161,9.512780501641043,13.001906011765968,0.27595561721761913,0.10706296477716382,0.07407848364403796,0.6643253788363049
126,4.48,7.46,walking,walking-gisela-01.csv,7.569635760000001,0.47481871614484167,6.627151,9.514558,4.293569766666666,0.3778758347197029,3.552995,5.109226,6.2160818466666665,0.32594864180320876,5.674258,7.278373,-0.08677616,0.13656894534327488,-0.279386,0.22676,-0.009724946666666665,0.16865782132810744,-0.35666,0.384372,7.194666666666757e-05,0.15934403452370122,-0.339074,0.361856,10.698557013833042,0.6238298672614413,9.610060389951874,13.001906011765968,0.26448689908649886,0.1007889913907011,0.07407848364403796,0.45228875432515453
127,6.72,9.7,walking,walking-gisela-01.csv,7.813556993333333,0.5306612385493593,6.794744,9.758766,4.095681020000001,0.38723502303308377,3.303998,5.099649,6.02307726,0.4360398984951176,5.329493,7.182605,-0.10196364,0.11734216603149838,-0.325884,0.201579,-0.021859666666666666,0.15734891814014978,-0.35666,0.29191,-0.027809813333333336,0.14254564603935993,-0.388369,0.368384,10.691048646654792,0.6533739562364833,9.558876807577604,12.69800385337983,0.2473696492960375,0.0964530891534088,0.08021842475391798,0.4805768446252899
128,8.96,11.94,walking,walking-gisela-01.csv,7.655412026666666,0.46758736871525164,6.50744,9.667787,4.171784726666667,0.3886572485920364,3.303998,5.24809,6.12596412,0.4333621403759513,5.329493,7.244854,-0.07544444,0.11142546229598092,-0.29644,0.129767,0.03234497333333334,0.15241274894736537,-0.245279,0.443527,-0.025484473333333337,0.16588153932420957,-0.495487,0.233554,10.66612998424615,0.572471668601107,9.551429742455628,12.615576334901865,0.2446167612986594,0.1034993916784765,0.06230021189370065,0.6166803928948933
129,11.2,14.18,walking,walking-gisela-01.csv,7.782113173333332,0.5704082834885522,6.50744,9.634268,4.132392133333333,0.4439835828330092,3.150769,5.171476,6.097521,0.43469384359005286,5.181053,7.244854,-0.08293912666666667,0.12826641177316828,-0.307098,0.166006,-0.017002986666666664,0.13885391871834163,-0.323885,0.311361,0.005074340000000005,0.1741621531816382,-0.365453,0.527329,10.726672285454509,0.6838566965814188,9.488233788198622,12.664902360593311,0.24921492872326165,0.10559738277618261,0.047524339721873046,0.5390336930925561
130,13.44,16.42,walking,walking-gisela-01.csv,7.926754906666668,0.5528945229547295,6.6894,9.629479,3.9842389533333336,0.3251431895290717,3.351882,4.750096,5.974395173333333,0.4036910006224191,5.12838,6.943185,-0.10790398666666666,0.1145376385958774,-0.306698,0.140559,-0.013713926666666666,0.15340507737060494,-0.249276,0.476568,-0.03636588666666666,0.1475821620801799,-0.365453,0.240349,10.70125492957875,0.6771416972332316,9.223478182976853,12.48807481405685,0.2515238124944357,0.09122540527154308,0.10293085452380156,0.5390336930925561
131,15.68,18.66,walking,walking-gisela-01.csv,8.003496993333334,0.5159814969129869,6.80911,9.787497,4.103150933333334,0.3286501600628581,3.375824,4.879383,5.715119013333334,0.45960087477107037,4.649539,6.943185,-0.06580552666666667,0.09301545943033315,-0.304966,0.111248,-0.0023510466666666666,0.1599366333610215,-0.286314,0.537721,-0.00455298,0.14951925292284693,-0.363455,0.23915,10.666118562345742,0.6113858450388641,9.266519362115693,12.48807481405685,0.22735323801860466,0.09620155366802743,0.08794679915721777,0.5716500243636836
132,17.92,20.9,walking,walking-gisela-01.csv,8.096583526666667,0.5503471988737619,6.804321,10.141838,4.122432273333334,0.3720239273014017,3.423708,5.291186,5.5798945133333335,0.4040427887998454,4.649539,6.703765,-0.08384946000000001,0.09943748256833738,-0.307631,0.150818,0.024701073333333334,0.1400676973130301,-0.223962,0.519335,-0.02469308666666667,0.13828333952123742,-0.327349,0.249675,10.670803352610509,0.6502504589219162,9.084420067521206,12.80371082351023,0.21738362836389247,0.0981021731351337,0.042801126398729274,0.6181077898247198
133,20.16,23.14,walking,walking-gisela-01.csv,7.952420746666666,0.5227390612364986,6.737284,9.710882,4.170156666666667,0.3321019793162469,3.347094,5.046977,5.817175946666667,0.31283180281458567,5.003881,6.651093,-0.10510436666666668,0.12237319537297466,-0.346668,0.19172,-0.020713906666666667,0.14469124642702,-0.295374,0.539986,-0.031205413333333334,0.15092518733205476,-0.406489,0.258602,10.704928439587635,0.5972077042406347,9.52538979439482,12.580994864339981,0.24241918646024685,0.11122894222577777,0.022619785388018166,0.6164982965199498
134,22.4,25.38,walking,walking-gisela-01.csv,8.024980993333335,0.5193798123065559,6.995857,9.993398,4.131817546666666,0.31895224186943905,3.323152,4.994305,5.648783740000001,0.3927306211201164,4.702212,6.651093,-0.05893260666666668,0.13107837122449031,-0.346668,0.198914,0.00786332666666667,0.14077984289229747,-0.266862,0.372381,-0.006404859999999998,0.1786782822307561,-0.459381,0.3039,10.656124383732822,0.5947523054159032,9.543855320214416,12.639871476305602,0.243557856689318,0.11481249418028928,0.022619785388018166,0.6290863741927654
135,24.64,27.62,walking,walking-gisela-01.csv,8.276276386666666,0.606497753040595,6.847417,10.022128,3.9908788199999994,0.3939319298067297,3.270479,5.046977,5.43164554,0.5204430916123508,4.43885,7.307104,-0.09047910666666667,0.12665021727535758,-0.391167,0.14762,0.011295333333333334,0.1701453324333315,-0.275389,0.519602,-0.02072281333333334,0.1659407431789789,-0.525198,0.296706,10.69104954416429,0.6496001864368818,9.483679319901428,12.79410437255172,0.25515952321949603,0.12713436959647365,0.030781868299373905,0.7343346848025089
136,26.88,29.86,walking,walking-gisela-01.csv,8.014861533333333,0.6377325603510159,6.698977,10.409989,4.131083313333334,0.4028900169592712,3.313575,5.33907,5.723961673333333,0.4711220201710734,4.477157,7.307104,-0.09398219333333335,0.12474817512566114,-0.391167,0.132432,-0.026235046666666664,0.1567419374723662,-0.277387,0.450322,-0.013506113333333337,0.16497798500784022,-0.525198,0.258335,10.69370322416358,0.709424043641939,9.234695642392282,12.79410437255172,0.24607767225972255,0.12844065690807002,0.061224454231948854,0.7343346848025089
137,29.12,32.1,walking,walking-gisela-01.csv,8.25756972,0.5258753641739853,7.412448,10.409989,4.040199380000001,0.35616032981700196,3.294421,5.080496,5.3561803066666664,0.38472810393807466,4.477157,6.612785,-0.07245825333333333,0.12643684668155805,-0.391433,0.157613,0.009001953333333331,0.17120545277228905,-0.348266,0.536655,-0.0173494,0.15986923296673858,-0.554908,0.258335,10.649920805048756,0.5743986661431244,9.355110967693006,12.649051536696852,0.23751262224105252,0.14168890042478893,0.046271981684384345,0.7808174492338141
138,31.36,34.34,walking,walking-gisela-01.csv,8.276595633333333,0.5633512028770615,6.6894,10.232818,4.072920133333334,0.375551430672847,3.308787,5.224148,5.3014328866666665,0.3582114791723,4.29041,6.311116,-0.08985913333333334,0.1268163514520987,-0.39583,0.140559,0.012040566666666669,0.16515022188175293,-0.302035,0.512008,-0.028964486666666664,0.14328129872781661,-0.434867,0.208374,10.651260150460319,0.5773044846054646,8.675967693462212,12.548864215671673,0.23524135099328797,0.13268986663695423,0.04885376278241012,0.6439887830490528
139,33.6,36.58,walking,walking-gisela-01.csv,8.097796646666666,0.5955894790189535,6.732495,10.544065,4.140628193333334,0.33819427543654446,3.44765,5.0374,5.556335613333334,0.3827200294026743,4.774038,6.488286,-0.10480943333333333,0.10249006621140845,-0.346268,0.130433,-0.0005951133333333332,0.12733723310802364,-0.261533,0.419279,-0.03672564,0.1315719874881823,-0.380109,0.207841,10.670025557407985,0.5984222880304285,9.25562040419609,13.168351102191457,0.20753296996554774,0.11530127052829493,0.0420787005621609,0.5402693004363658
140,35.84,38.82,walking,walking-gisela-01.csv,7.877562026666666,0.5391684612877864,6.641516,10.261548,4.323257886666666,0.4155727509131229,3.423708,5.655105,5.728654326666667,0.3135344711065435,4.592079,6.488286,-0.07320077333333333,0.11482731075269198,-0.343337,0.258602,0.018283773333333333,0.1676959675463564,-0.339207,0.618859,-0.024305826666666665,0.12232095582162783,-0.380109,0.219698,10.668497291964327,0.5557835639110859,9.312313860592383,12.701454387840668,0.22032794971298642,0.11835827993108496,0.01681095372071436,0.6693665432698291
141,38.08,41.06,walking,walking-gisela-01.csv,7.852534640000001,0.5076413426765041,6.641516,9.634268,4.328237860000001,0.3720498928780033,3.648763,5.655105,5.715342533333333,0.34811543743332546,4.592079,6.564901,-0.09246599333333333,0.12772944021889898,-0.31296,0.258602,0.010275679999999999,0.15884602666340425,-0.282051,0.618859,-0.02849108,0.12659884677702873,-0.32615,0.245678,10.643701869678322,0.538515776219162,9.312313860592383,12.341113979139648,0.23751381013851272,0.10309519506889352,0.08131131498137267,0.6693665432698291
142,40.32,43.3,walking,walking-gisela-01.csv,7.8392867666666675,0.5805978028748923,6.540959,9.672575,4.3207040800000005,0.4015258166823401,3.648763,5.434838,5.820240486666666,0.36872356121393957,4.893748,6.914454,-0.08152063999999999,0.1392669989574118,-0.345868,0.195583,-0.0026602000000000045,0.13894328047137317,-0.247144,0.450055,-0.027149906666666664,0.13835744160775965,-0.397029,0.259668,10.689436549137785,0.6068938921382978,9.405785903312546,12.566720594468153,0.23199832845578114,0.10681712536282192,0.03039036666445471,0.5532593945600924
143,42.56,45.54,walking,walking-gisela-01.csv,7.911974700000001,0.5308601981893382,6.540959,9.787497,4.211911606666667,0.39853097931687226,3.351882,5.434838,5.825188473333334,0.3737326908906007,4.912902,6.952762,-0.06746205999999999,0.13709902053038064,-0.316158,0.170936,-0.001776433333333333,0.16055235781008914,-0.258735,0.515205,-0.00043080666666666544,0.14739523016188805,-0.394631,0.292176,10.700814518353393,0.5875781183837991,9.462049712419027,12.509064499770158,0.2444137752013657,0.1054273790069557,0.08251766104901423,0.6028560225020565
144,44.8,47.78,walking,walking-gisela-01.csv,7.793222246666666,0.4650338351173019,6.430826,9.370906,4.274895046666667,0.3607303309582074,3.615245,5.463568,5.83026416,0.3604661235451136,4.912902,6.876147,-0.08450766,0.11332735983246824,-0.318822,0.159877,0.018099893333333335,0.18185153253252673,-0.354662,0.523998,-0.04182396,0.12513272687403457,-0.379842,0.251141,10.638585967949,0.5457362820954408,9.202879669372027,12.704069427064896,0.23762486251592965,0.11968328533123934,0.06353373203267694,0.6028560225020565
145,47.04,50.02,walking,walking-gisela-01.csv,7.7647471800000005,0.6297210635757716,6.603208,10.228029,4.276267726666666,0.4130614660409255,3.375824,5.463568,5.9664782999999995,0.4989733827340392,4.663905,7.086837,-0.06981848666666668,0.1612152790679484,-0.425407,0.278054,-0.013355099999999996,0.1737938903767621,-0.394631,0.474303,-0.002314686666666667,0.16609931436804654,-0.48283,0.33934,10.698921367964774,0.7251566280759327,8.84922561429287,13.132038400821253,0.27210181513060683,0.12166595466361582,0.07409301015615441,0.6511466258754629
146,49.28,52.26,walking,walking-gisela-01.csv,7.89923752,0.6040712641266616,6.603208,10.228029,4.20865546,0.3840451254569898,3.433285,5.200206,5.865059959999999,0.47149667919724003,4.663905,7.28795,-0.042593153333333335,0.12542474102120557,-0.396629,0.278054,0.005831086666666663,0.1829522928902846,-0.370916,0.474303,0.024725086666666663,0.13767552040266934,-0.349466,0.336675,10.712625991129103,0.6957073781187174,8.84922561429287,12.925615402048331,0.24032208621877288,0.11341190026146597,0.04262602548913046,0.6685477384547793
147,51.52,54.5,walking,walking-gisela-01.csv,7.781953586666665,0.5310033140692462,6.727707,9.811439,4.3264821,0.40962644603459136,3.5099,5.702989,5.863495746666667,0.36521962422955295,4.893748,7.000646,-0.10634871333333332,0.09794461934674015,-0.28738,0.097925,0.00018913333333333486,0.191943916649896,-0.420345,0.538787,-0.04561834666666666,0.15502940835458656,-0.516271,0.207708,10.668192581731386,0.6562332784079027,9.148179356499904,12.746048306305685,0.2587656188687811,0.13000463720876804,0.07118186985461958,0.6948763293090361
148,53.76,56.74,walking,walking-gisela-01.csv,7.9666263000000015,0.5693899977720923,6.732495,9.892841,4.245462333333333,0.4072972684281047,3.083732,5.118803,5.71882208,0.44751603765269343,4.659117,7.000646,-0.07082309333333332,0.1107648372995899,-0.301902,0.115245,-0.011966906666666667,0.17971694550143186,-0.420345,0.4787,-0.0017888799999999983,0.15947515178906585,-0.501083,0.266862,10.695575703721754,0.700741046781524,9.284904538501783,13.059569406242996,0.2416167447315998,0.12954929518119704,0.046617083488781234,0.6617400399076664
149,56.0,58.98,walking,walking-gisela-01.csv,8.050455286666667,0.6012350080465191,6.842628,10.228029,4.1601648466666665,0.3597146182734259,3.404555,5.104438,5.627299753333333,0.39161287107870424,4.659117,6.53617,-0.09843840666666666,0.10995302489573121,-0.359858,0.101123,0.0025775333333333305,0.16701505533724265,-0.257802,0.481364,-0.012219960000000002,0.13764868727166174,-0.488825,0.220364,10.67444646745928,0.6955111671041826,9.425525546737541,12.940221692548663,0.22981422700901258,0.12634227151845637,0.03963091665606538,0.6722981402666528
150,58.24,61.22,walking,walking-gisela-01.csv,7.859461813333334,0.5341721003229501,6.497863,10.228029,4.256252166666666,0.3294095213205677,3.672705,5.104438,5.840671053333333,0.3486519018544387,4.989516,6.856994,-0.09090370666666668,0.11444041638806614,-0.325351,0.19585,0.011151446666666665,0.16538616577483284,-0.334677,0.481364,-0.0346597,0.14397306894382483,-0.406222,0.253539,10.685150319481949,0.585860153097252,9.710186709718151,12.940221692548663,0.2454787532624232,0.10250245101066124,0.03646015493658797,0.5649217191735506
151,60.48,63.46,walking,walking-gisela-01.csv,7.653720140000002,0.48881879599217576,6.497863,9.672575,4.369322313333332,0.41151111009340746,3.356671,5.300763,5.992207993333333,0.38403711357748566,4.817134,6.919243,-0.08625123333333334,0.09267860231527135,-0.299504,0.131899,0.027843546666666667,0.185011502198416,-0.309363,0.624055,-0.01243404,0.20034101807108398,-0.512008,0.370383,10.664800189996134,0.6283094108088623,9.117528526799848,12.606451231218523,0.2796771294508382,0.11447685246348162,0.10645932366871397,0.6900138304621147
152,62.72,65.7,walking,walking-gisela-01.csv,7.87618936,0.5944903632448696,6.742072,10.089166,4.192183333333333,0.4562132207946582,3.356671,5.300763,5.8665283399999995,0.4350238339879142,4.639963,6.962338,-0.07282949999999999,0.1141422373547876,-0.290311,0.170403,0.0008224600000000034,0.1972755463581039,-0.299637,0.624055,0.024523473333333337,0.15199675380448957,-0.380242,0.353063,10.688385447403089,0.7308394198293064,9.31702950103653,12.962201749688901,0.26124086513300676,0.1127321087620478,0.0749130919466017,0.7251397186404838
153,64.96,67.94,walking,walking-gisela-01.csv,7.79341388,0.5035732755348841,6.86657,10.510546,4.122304560000001,0.46411007668340176,3.160346,5.200206,6.0342502200000006,0.4202741985827168,5.200206,7.331046,-0.10711882666666668,0.1529169526851638,-0.436998,0.172002,0.034574373333333346,0.18215356538801894,-0.315891,0.610865,-0.04584044666666667,0.16593466160488338,-0.45232,0.261533,10.699645337407574,0.5532402468568146,9.639328282698386,13.140493624155981,0.28192313851312956,0.13924205026985723,0.05359650679848454,0.7251397186404838
154,67.2,70.18,walking,walking-gisela-01.csv,7.69640078,0.5224265112509365,6.157887,9.873688,4.22681942,0.47121625587931876,3.160346,5.66947,6.0426139800000005,0.4402693712308177,4.817134,7.331046,-0.049192559999999996,0.1682261124969795,-0.436998,0.305233,0.014965420000000002,0.19659782905875878,-0.332145,0.643773,-0.017988860000000002,0.18392762550749972,-0.480565,0.301902,10.675270957890808,0.5840996501325927,8.96636149737958,12.658213161614281,0.2878043749393573,0.1446243940221906,0.060966030656423746,0.7727925693968596
155,69.44,72.42,walking,walking-gisela-01.csv,7.997112486666668,0.5272718795184732,6.766014,9.964667,4.26959588,0.39878097422810804,3.476381,5.66947,5.623213613333333,0.3141528133419528,4.817134,6.502652,-0.06985312666666667,0.13706216173757543,-0.347867,0.305233,-0.00502016,0.195793572276146,-0.340539,0.643773,0.01823843333333333,0.16683044693034568,-0.404224,0.301902,10.676322722328699,0.5963685632610601,9.287905367326047,12.620616187866345,0.27125776427195025,0.12888011573545033,0.07129080626560481,0.7727925693968596
156,71.68,74.66,walking,walking-gisela-01.csv,8.071492346666668,0.5841693213416123,6.167464,10.702082,4.114866553333333,0.3946132088777657,3.385401,5.386954,5.637929933333333,0.3763930313550038,4.525041,6.823475,-0.11002416666666666,0.10237377808855916,-0.311894,0.120974,-0.0012230600000000002,0.19095509656025522,-0.463245,0.566233,-0.04536877333333334,0.17007870170593167,-0.542384,0.362123,10.680681919936372,0.6550177150507823,8.564956112644127,13.02622934634843,0.2665867256564093,0.1377231300125765,0.024264825529972393,0.6855404135286263
157,73.92,76.9,walking,walking-gisela-01.csv,7.908558953333334,0.5046270454023689,6.823475,10.122684,4.15368452,0.4008666871487614,3.380613,5.238513,5.81353668,0.3412350845426326,4.721366,6.6894,-0.06104746000000001,0.14022555329128997,-0.358126,0.240616,0.04158946,0.15761498272607757,-0.246078,0.505346,-0.01678979333333333,0.16331480802586137,-0.384772,0.263931,10.666712526683263,0.5904543602855434,9.398946576845567,12.968516095245786,0.24997631859178646,0.12011506131676834,0.024264825529972393,0.5871970029163978
